displayName,height,weight,birthDate,collegeName,position,nflId
Desmond Trufant,72,190,9/10/90,Washington,CB,2539334
Robert Alford,70,186,11/1/88,Southeastern Louisiana,CB,2539653
Ricardo Allen,69,186,12/18/91,Purdue,SS,2543850
Deion Jones,73,227,11/4/94,Louisiana State,MLB,2555162
De'Vondre Campbell,75,232,7/1/93,Minnesota,OLB,2555255
Keanu Neal,73,216,7/26/95,Florida,FS,2555543
Brian Poole,70,211,10/20/92,Florida,CB,2556445
Mike Wallace,Jun-00,200,8/1/86,Mississippi,WR,2507763
Nick Foles,78,243,1/20/89,Arizona,QB,2532842
Zach Ertz,77,250,11/10/90,Stanford,TE,2540158
Jay Ajayi,Jun-00,223,6/15/93,Boise State,RB,2552582
Nelson Agholor,72,198,5/24/93,Southern California,WR,2552600
DeAndre Carter,68,190,4/10/93,Sacramento State,WR,2553502
Vic Beasley,75,246,7/8/92,Clemson,DE,2552301
Darren Sproles,66,190,6/20/83,Kansas State,RB,2506467
Duke Riley,73,230,8/9/94,Louisiana State,OLB,2557967
Damontae Kazee,71,190,6/5/93,San Diego State,SS,2558184
Dallas Goedert,77,256,1/3/95,South Dakota State,TE,2560995
Corey Clement,70,220,11/2/94,Wisconsin,RB,2559150
Matt Ryan,76,217,5/17/85,Boston College,QB,310
Julio Jones,75,220,2/8/89,Alabama,WR,2495454
Logan Paulsen,5-Jun,268,2/26/87,UCLA,TE,2507828
Tevin Coleman,73,210,4/16/93,Indiana,RB,2552453
Austin Hooper,76,254,10/29/94,Stanford,TE,2555415
Eric Saubert,77,253,5/1/94,Drake,TE,2558023
Malcolm Jenkins,72,204,12/20/87,Ohio State,SS,79848
Rodney McLeod,70,195,6/23/90,Virginia,FS,2534832
Jordan Hicks,73,236,6/27/92,Texas,MLB,2552315
Ronald Darby,71,193,1/2/94,Florida State,CB,2552689
Jalen Mills,72,191,4/6/94,Louisiana State,CB,2555383
Kamu Grugier-Hill,74,230,5/16/94,Eastern Illinois,OLB,2556363
Nate Gerry,74,230,2/23/95,Nebraska,LB,2558175
Devonta Freeman,68,206,3/15/92,Florida State,RB,2543583
Justin Hardy,70,192,12/18/91,East Carolina,WR,2552418
Marvin Hall,70,190,4/10/93,Washington,WR,2557034
Calvin Ridley,73,190,12/20/94,Alabama,WR,2560854
Sidney Jones,72,181,5/21/96,Washington,CB,2557958
Mohamed Sanu,74,215,8/22/89,Rutgers,WR,2533040
Corey Graham,Jun-00,196,7/25/85,New Hampshire,FS,2495613
Foye Oluokun,74,215,8/2/95,Yale,LB,2561132
Shelton Gibson,71,191,3/20/95,West Virginia,WR,2558258
Ricky Ortiz,72,233,4/15/94,Oregon State,FB,2559033
Deante Burton,74,205,7/12/94,Kansas State,CB,2559109
Markus Wheaton,11-May,185,2/7/91,Oregon State,WR,2539291
Rasul Douglas,74,209,8/29/95,West Virginia,CB,2558168
Wendell Smallwood,70,208,1/20/94,West Virginia,RB,2555461
LeSean McCoy,71,210,7/12/88,Pittsburgh,RB,79607
Charles Clay,75,246,2/13/89,Tulsa,TE,2495139
Jeremy Kerley,9-May,188,11/8/88,Texas Christian,WR,2495189
Kelvin Benjamin,5-Jun,245,2/5/91,Florida State,WR,2543471
Zay Jones,74,200,3/30/95,East Carolina,WR,2557863
Nathan Peterman,74,225,5/4/94,Pittsburgh,QB,2558191
Brandon Carr,72,210,5/19/86,Grand Valley State,CB,4365
Eric Weddle,11-May,195,1/4/85,Utah,FS,2495775
Tony Jefferson,71,211,1/27/92,Oklahoma,SS,2540164
C.J. Mosley,74,250,6/19/92,Alabama,ILB,2543464
Za'Darius Smith,76,272,9/8/92,Kentucky,OLB,2552279
Tavon Young,69,185,3/14/94,Temple,CB,2555378
Matt Judon,75,261,8/15/92,Grand Valley State,OLB,2555505
Marlon Humphrey,72,197,7/8/96,Alabama,CB,2558067
Lorenzo Alexander,73,245,5/31/83,California,OLB,2506268
Micah Hyde,72,197,12/31/90,Iowa,SS,2539240
Jordan Poyer,72,191,4/25/91,Oregon State,FS,2539290
Phillip Gaines,72,193,4/4/91,Rice,CB,2543851
Tre'Davious White,71,192,1/16/95,Louisiana State,CB,2557867
Matt Milano,72,223,7/28/94,Boston College,OLB,2557969
Tremaine Edmunds,77,250,5/2/98,Virginia Tech,LB,2560713
Joe Flacco,78,245,1/16/85,Delaware,QB,382
Michael Crabtree,1-Jun,215,9/14/87,Texas Tech,WR,71269
John Brown,71,179,4/3/90,Pittsburg State,WR,2543847
Nick Boyle,76,270,2/17/93,Delaware,TE,2552402
Maxx Williams,76,252,4/12/94,Minnesota,TE,2552468
Alex Collins,10-May,208,8/26/94,Arkansas,RB,2555430
Taron Johnson,71,192,7/27/96,Weber State,CB,2560766
Willie Snead,71,205,10/17/92,Ball State,WR,2550256
Javorius Allen,72,218,8/27/91,Southern California,RB,2552631
Robert Foster,74,196,5/7/94,Alabama,WR,2560729
Terrell Suggs,75,265,10/11/82,Arizona State,OLB,2505660
Patrick Ricard,75,311,5/27/94,Maine,FB,2558990
Anthony Levine,71,207,3/27/87,Tennessee State,DB,2508004
Chris Moore,73,200,6/16/93,Cincinnati,WR,2555209
Andre Holmes,4-Jun,210,6/16/88,Hillsdale,WR,2495453
Logan Thomas,78,250,7/1/91,Virginia Tech,TE,2543767
Jason Croom,77,246,2/28/94,Tennessee,TE,2559159
Patrick Onwuasor,72,227,8/22/92,Portland State,ILB,2556642
Chuck Clark,72,205,4/19/95,Virginia Tech,FS,2558248
Rafael Bush,11-May,205,5/12/87,South Carolina State,SS,2507817
Tim Williams,75,244,11/12/93,Alabama,OLB,2557841
Kenny Young,73,235,11/15/94,UCLA,LB,2560947
Marcus Murphy,69,195,10/3/91,Missouri,RB,2552647
Tyus Bowser,75,240,5/23/95,Houston,OLB,2558166
Mark Andrews,77,255,9/6/95,Oklahoma,TE,2560957
Chris Ivory,Jun-00,223,3/22/88,Tiffin University,RB,2507999
Josh Allen,77,237,5/21/96,Wyoming,QB,2560955
Kenneth Dixon,70,228,1/21/94,Louisiana Tech,RB,2555229
Lamar Jackson,74,212,1/7/97,Louisville,QB,2560757
Janarion Grant,10-May,173,11/20/93,Rutgers,WR,2561485
Anthony Averett,71,178,11/30/94,Alabama,CB,2560963
Maurice Canady,73,193,5/26/94,Virginia,CB,2555178
Chris Board,74,230,7/23/95,North Dakota State,LB,2561301
Ben Roethlisberger,77,240,3/2/82,"Miami, O.",QB,2506109
Antonio Brown,10-May,185,7/10/88,Central Michigan,WR,2508061
Justin Hunter,4-Jun,203,5/20/91,Tennessee,WR,2540151
Jesse James,79,250,6/4/94,Penn State,TE,2552633
James Conner,73,233,5/5/95,Pittsburgh,RB,2557978
JuJu Smith-Schuster,73,215,11/22/96,Southern California,WR,2558149
Jamie Collins,75,255,10/20/89,Southern Mississippi,OLB,2539311
Terrance Mitchell,71,190,5/17/92,Oregon,CB,2543637
Damarious Randall,71,196,8/29/92,Arizona State,CB,2552389
Joe Schobert,73,245,11/6/93,Wisconsin,MLB,2555166
Derrick Kindred,70,210,12/15/93,Texas Christian,SS,2555540
Briean Boddy-Calhoun,69,193,1/21/93,Minnesota,CB,2556475
Denzel Ward,71,191,4/28/97,Ohio State,CB,2560916
James Washington,71,213,4/2/96,Oklahoma State,WR,2560920
Genard Avery,72,250,4/26/95,Memphis,LB,2560964
Morgan Burnett,73,210,1/13/89,Georgia Tech,SS,496727
Joe Haden,71,195,4/14/89,Florida,CB,496733
Jon Bostic,73,245,5/5/91,Florida,ILB,2539978
Vince Williams,73,233,12/27/89,Florida State,ILB,2540221
Bud Dupree,76,269,2/12/93,Kentucky,OLB,2552289
Artie Burns,72,197,5/1/95,Miami,CB,2555344
Sean Davis,73,202,10/23/93,Maryland,SS,2555386
Mike Hilton,69,184,3/9/94,Mississippi,CB,2556559
T.J. Watt,76,252,10/11/94,Wisconsin,OLB,2558064
Tyrod Taylor,73,215,8/3/89,Virginia Tech,QB,2495240
Josh Gordon,75,225,4/13/91,Utah,WR,2537931
Darren Fells,79,270,4/22/86,California-Irvine,TE,2540928
Jarvis Landry,71,196,11/28/92,Louisiana State,WR,2543488
Carlos Hyde,72,229,9/20/90,Ohio State,RB,2543743
David Njoku,76,246,7/10/96,Miami,TE,2557986
Duke Johnson,69,210,9/23/93,Miami,RB,2552461
Rashard Higgins,73,198,10/7/94,Colorado State,WR,2555468
Terrell Edmunds,73,217,1/20/97,Virginia Tech,S,2560712
Roosevelt Nix,71,248,3/30/92,Kent State,FB,2550235
Xavier Grimble,76,261,9/22/92,Southern California,TE,2550521
Christian Kirksey,74,235,8/31/92,Iowa,OLB,2543720
Jabrill Peppers,71,213,10/4/95,Michigan,FS,2557980
Antonio Callaway,71,200,1/9/97,Florida,WR,2560988
Anthony Chickillo,75,255,12/10/92,Miami,OLB,2552266
Nick Chubb,71,225,12/27/95,Georgia,RB,2561021
Ryan Switzer,68,185,11/4/94,North Carolina,WR,2557960
Cameron Sutton,71,188,2/27/95,Tennessee,CB,2558849
Seth DeValve,3-Jun,245,1/29/93,Princeton,TE,2556365
T.J. Carrie,72,204,7/28/90,Ohio,CB,2550164
Derrick Willies,4-Jun,207,10/17/94,Texas Tech,WR,2561470
Dre Kirkpatrick,74,190,10/26/89,Alabama,CB,2533060
Preston Brown,73,255,10/27/92,Louisville,MLB,2543814
Clayton Fejedelem,72,205,6/2/93,Illinois,FS,2555355
Nick Vigil,74,235,8/20/93,Utah State,OLB,2555528
William Jackson,72,196,10/27/92,Houston,CB,2556367
Jordan Evans,75,242,1/27/95,Oklahoma,OLB,2558801
Jessie Bates,73,200,2/26/97,Wake Forest,S,2560970
T.Y. Hilton,70,183,11/14/89,Florida International,WR,2532865
Andrew Luck,4-Jun,240,9/12/89,Stanford,QB,2533031
Jack Doyle,78,262,5/5/90,Western Kentucky,TE,2540232
Eric Ebron,76,253,4/10/93,North Carolina,TE,2543466
Ryan Grant,72,194,12/19/90,Tulane,WR,2543759
Jordan Wilkins,73,217,7/18/94,Mississippi,RB,2560933
Darqueze Dennard,71,205,10/10/91,Michigan State,CB,2543474
Chester Rogers,72,184,1/12/94,Grambling State,WR,2556396
Zach Pascal,74,214,12/18/94,Old Dominion,WR,2558877
Nyheim Hines,69,198,11/12/96,North Carolina State,RB,2560742
Andy Dalton,74,220,10/29/87,Texas Christian,QB,2495143
A.J. Green,76,210,7/31/88,Georgia,WR,2495450
Tyler Eifert,78,255,9/8/90,Notre Dame,TE,2540148
Giovani Bernard,69,205,11/22/91,North Carolina,HB,2540156
Tyler Boyd,74,203,11/15/94,Pittsburgh,WR,2555466
John Ross,71,194,11/27/95,Washington,WR,2558010
Clayton Geathers,74,216,6/1/92,Central Florida,FS,2552386
Matthias Farley,71,209,7/15/92,Notre Dame,SS,2556429
Quincy Wilson,74,193,8/16/96,Florida,CB,2557961
Nate Hairston,72,185,6/30/94,Temple,CB,2558108
Anthony Walker,73,230,8/8/95,Northwestern,ILB,2558851
Kenny Moore II,69,190,8/23/95,Valdosta State,CB,2558976
Darius Leonard,74,230,7/27/95,South Carolina State,LB,2560789
Tyler Kroft,78,250,10/15/92,Rutgers,TE,2552586
Erik Swoope,76,255,5/8/92,Miami,TE,2550405
C.J. Uzomah,78,260,1/14/93,Auburn,TE,2552559
Joe Mixon,73,220,7/24/96,Oklahoma,HB,2557976
Malik Hooker,73,212,4/2/96,Ohio State,FS,2558060
Skai Moore,74,225,1/8/95,South Carolina,ILB,2560816
Shawn Williams,72,210,5/13/91,Georgia,SS,2539233
Zaire Franklin,72,236,7/2/96,Syracuse,ILB,2561155
Hardy Nickerson,72,235,1/5/94,Illinois,MLB,2558982
Tra Carson,71,228,10/24/92,Texas A&M,RB,2556493
Najee Goode,72,244,6/4/89,West Virginia,OLB,2533016
Josh Malone,75,205,3/21/96,Tennessee,WR,2558127
Alex Erickson,72,195,11/6/92,Wisconsin,WR,2556519
Wesley Woodyard,72,233,7/21/86,Kentucky,ILB,2354
Brian Orakpo,4-Jun,257,7/31/86,Texas,OLB,71423
Kenny Vaccaro,72,214,2/15/91,Texas,SS,2539320
Logan Ryan,71,195,2/9/91,Rutgers,CB,2540162
Malcolm Butler,71,190,3/2/90,West Alabama,CB,2550613
Kevin Byard,71,212,8/17/93,Middle Tennessee,FS,2555158
Aaron Wallace,2-Jun,242,7/8/93,UCLA,OLB,2555320
Jayon Brown,72,226,2/26/95,UCLA,ILB,2558005
Adoree' Jackson,71,185,9/18/95,Southern California,CB,2558065
Danny Amendola,71,185,11/2/85,Texas Tech,WR,2649
Ryan Tannehill,76,207,7/27/88,Texas A&M,QB,2532956
Kenny Stills,73,202,4/22/92,Oklahoma,WR,2540202
Kenyan Drake,73,211,1/26/94,Alabama,RB,2555230
Jakeem Grant,67,169,10/30/92,Texas Tech,WR,2556190
Mike Gesicki,78,252,10/3/95,Penn State,TE,2560994
Dion Lewis,68,195,9/27/90,Pittsburgh,RB,2495469
Delanie Walker,74,248,8/12/84,Central Missouri State,TE,2495966
Rishard Matthews,Jun-00,217,10/12/89,Nevada,WR,2532903
Marcus Mariota,76,222,10/30/93,Oregon,QB,2552466
Tajae Sharpe,74,194,12/23/94,Massachusetts,WR,2555317
Corey Davis,75,209,1/11/95,Western Michigan,WR,2557848
Reshad Jones,1-Jun,215,2/25/88,Georgia,SS,496739
T.J. McDonald,2-Jun,215,1/26/91,USC,SS,2539309
Kiko Alonso,75,239,8/14/90,Oregon,OLB,2539935
Bobby McCain,71,192,8/18/93,Memphis,CB,2552434
Xavien Howard,73,200,7/4/93,Baylor,CB,2555539
Raekwon McMillan,74,242,11/17/95,Ohio State,LB,2558070
Minkah Fitzpatrick,73,207,11/17/96,Alabama,S,2560725
Kamalei Correa,75,241,4/27/94,Boise State,ILB,2555339
Sharif Finch,76,250,10/1/95,Temple,OLB,2561328
A.J. Derby,5-Jun,240,9/20/91,Arkansas,TE,2552580
Albert Wilson,69,195,7/12/92,Georgia State,WR,2550272
Derrick Morgan,4-Jun,261,1/6/89,Georgia Tech,OLB,496828
Daren Bates,71,225,11/27/90,Auburn,ILB,2541539
LeShaun Sims,72,203,9/18/93,Southern Utah,CB,2555551
Frank Gore,69,212,5/14/83,Miami,RB,2506404
Will Compton,73,235,9/19/89,Nebraska,ILB,2540013
Durham Smythe,78,260,8/9/95,Notre Dame,TE,2560880
Derrick Henry,75,247,1/4/94,Alabama,RB,2556075
Jonnu Smith,75,248,8/22/95,Florida International,TE,2558207
Blaine Gabbert,77,235,10/15/89,Missouri,QB,2495441
Taywan Taylor,71,205,3/2/95,Western Kentucky,WR,2557870
Luke Stocker,77,253,7/17/88,Tennessee,TE,2495234
Jerome Baker,74,225,12/25/96,Ohio State,LB,2560966
Chase Allen,75,246,8/29/93,Southern Illinois,OLB,2559043
Darius Jennings,70,180,6/28/92,Virginia,WR,2553896
Torry McTyer,71,188,4/10/95,Nevada-Las Vegas,CB,2559053
Kareem Jackson,70,185,4/10/88,Alabama,CB,496735
Johnathan Joseph,71,185,4/16/84,South Carolina,CB,2495872
Whitney Mercilus,76,258,7/21/90,Illinois,OLB,2533049
Tyrann Mathieu,69,190,5/13/92,Louisiana State,FS,2540180
Aaron Colvin,72,191,10/2/91,Oklahoma,CB,2543501
Kevin Johnson,72,185,8/5/92,Wake Forest,CB,2552261
Zach Cunningham,75,238,12/2/94,Vanderbilt,ILB,2558094
Justin Reid,73,204,2/15/97,Stanford,SS,2560851
Rob Gronkowski,78,265,5/14/89,Arizona,TE,497240
Tom Brady,76,225,8/3/77,Michigan,QB,2504211
Chris Hogan,73,210,10/24/87,"Monmouth, N.J.",WR,2530515
Rex Burkhead,70,215,7/2/90,Nebraska,RB,2539265
James White,70,205,2/3/92,Wisconsin,RB,2543773
Phillip Dorsett,70,192,1/5/93,Miami,WR,2552424
Benardrick McKinney,76,257,11/19/92,Mississippi State,ILB,2552490
Dwayne Allen,4-Jun,260,2/24/90,Clemson,TE,2533046
Lamar Miller,70,221,4/25/91,Miami,RB,2533034
DeAndre Hopkins,73,212,6/6/92,Clemson,WR,2540165
Bruce Ellington,9-May,200,8/22/91,South Carolina,WR,2543646
Deshaun Watson,74,221,9/14/95,Clemson,QB,2558063
Jordan Thomas,77,277,8/2/96,Mississippi State,TE,2560896
Vyncint Smith,75,202,6/9/96,Limestone,WR,2561427
Patrick Chung,71,215,8/19/87,Oregon,SS,71251
Devin McCourty,70,195,8/13/87,Rutgers,FS,494287
Dont'a Hightower,75,260,3/12/90,Alabama,MLB,2533057
Stephon Gilmore,73,202,9/19/90,South Carolina,CB,2533062
Eric Rowe,73,205,10/3/92,Utah,CB,2552255
Elandon Roberts,72,238,4/22/94,Houston,MLB,2556119
Jonathan Jones,70,190,9/20/93,Auburn,CB,2556571
Jordan Akins,76,243,4/19/92,Central Florida,TE,2560951
Duron Harmon,73,205,1/24/91,Rutgers,FS,2541243
Kyle Van Noy,75,250,3/26/91,Brigham Young,OLB,2543699
Ryan Griffin,78,255,1/11/90,Connecticut,TE,2541316
Ja'Whaun Bentley,74,255,8/24/96,Purdue,LB,2561143
Riley McCarron,9-May,198,6/16/93,Iowa,WR,2559211
James Develin,75,255,7/23/88,Brown,FB,2508101
Jeremy Hill,73,230,10/20/92,LSU,RB,2543603
Sammie Coates,1-Jun,210,3/31/93,Auburn,WR,2552470
Dylan Cole,72,237,5/19/94,Missouri State,ILB,2559152
Tyler Ervin,70,185,10/7/93,San Jose State,RB,2555234
Cordarrelle Patterson,74,238,3/17/91,Tennessee,WR,2540145
Alfred Blue,2-Jun,225,4/27/91,LSU,RB,2543600
Jason McCourty,71,195,8/13/87,Rutgers,CB,89756
Ryan Fitzpatrick,74,228,11/24/82,Harvard,QB,2506581
Mike Evans,77,231,8/21/93,Texas A&M,WR,2543468
Cameron Brate,77,245,7/3/91,Harvard,TE,2550656
Peyton Barber,71,225,2/27/94,Auburn,RB,2556466
O.J. Howard,78,250,11/18/94,Alabama,TE,2557856
Chris Godwin,73,209,2/27/96,Penn State,WR,2558105
Kurt Coleman,71,208,4/1/88,Ohio State,SS,494261
Demario Davis,74,248,1/11/89,Arkansas State,ILB,2533008
Vonn Bell,71,205,12/12/94,Ohio State,FS,2555530
Ken Crawley,73,180,2/8/93,Colorado,CB,2556735
Marshon Lattimore,72,192,5/20/96,Ohio State,CB,2558061
Alex Anzalone,75,240,9/22/94,Florida,OLB,2558163
Marcus Williams,73,195,9/8/96,Utah,FS,2558847
Jacquizz Rodgers,6-May,205,2/6/90,Oregon State,RB,2495471
Adam Humphries,71,195,6/24/93,Clemson,WR,2553895
Patrick Robinson,71,191,9/7/87,Florida State,CB,2508084
DeSean Jackson,70,175,12/1/86,California,WR,1581
Chris Conte,2-Jun,203,2/23/89,California,SS,2495272
Lavonte David,73,233,1/23/90,Nebraska,OLB,2532828
Adarius Taylor,72,230,9/21/90,Florida Atlantic,MLB,2550565
Kwon Alexander,73,227,8/3/94,Louisiana State,MLB,2552592
Vernon Hargreaves III,70,204,6/3/95,Florida,CB,2555299
Justin Evans,72,199,8/26/95,Texas A&M,SS,2557945
M.J. Stewart,71,205,9/16/95,North Carolina,CB,2560884
Drew Brees,72,209,1/15/79,Purdue,QB,2504775
Zach Line,73,233,4/26/90,Southern Methodist,FB,2539303
Josh Hill,77,250,5/21/90,Idaho State,TE,2541834
Michael Thomas,75,212,3/3/93,Ohio State,WR,2556370
Alvin Kamara,70,215,7/25/95,Tennessee,RB,2558019
Tre'Quan Smith,74,210,1/7/96,Central Florida,WR,2560878
Ryan Smith,71,190,9/7/93,North Carolina Central,CB,2555552
Benjamin Watson,75,255,12/18/80,Georgia,TE,2506122
Ted Ginn,71,180,4/12/85,Ohio State,WR,2507166
Austin Carr,73,195,12/25/93,Northwestern,WR,2558928
Carlton Davis,73,206,12/31/96,Auburn,CB,2561039
Freddie Martino,Jun-00,195,9/7/91,North Greenville,WR,2550223
Alan Cross,1-Jun,235,7/2/93,Memphis,TE,2556508
Antony Auclair,78,256,5/28/93,"Laval, Can.",TE,2559044
Manti Te'o,73,241,1/26/91,Notre Dame,MLB,2539277
A.J. Klein,73,240,7/30/91,Iowa State,OLB,2539982
Tommylee Lewis,67,168,10/24/92,Northern Illinois,WR,2556752
Mike Gillislee,11-May,210,11/1/90,Florida,RB,2539663
Jonathan Williams,72,217,2/2/94,Arkansas,RB,2555227
Niles Paul,1-Jun,242,8/9/89,Nebraska,TE,2495211
Blake Bortles,77,236,4/28/92,Central Florida,QB,2543477
Austin Seferian-Jenkins,5-Jun,262,9/29/92,Washington,TE,2543683
James O'Shaughnessy,76,245,1/14/92,Illinois State,TE,2553318
Leonard Fournette,72,228,1/18/95,Louisiana State,RB,2557973
D.J. Chark,76,198,9/23/96,Louisiana State,WR,2561018
Connor Barwin,4-Jun,255,10/15/86,Cincinnati,OLB,71197
Janoris Jenkins,70,190,10/29/88,North Alabama,CB,2532875
Alec Ogletree,75,250,9/25/91,Georgia,LB,2540143
Kareem Martin,78,262,2/19/92,North Carolina,OLB,2543738
Landon Collins,72,218,1/10/94,Alabama,SS,2552454
Eli Apple,73,203,8/9/95,Ohio State,CB,2555277
B.J. Goodson,73,242,5/29/93,Clemson,ILB,2555522
Donte Moncrief,74,215,8/6/93,Mississippi,WR,2543614
T.J. Yeldon,73,223,10/2/93,Alabama,RB,2552471
Dede Westbrook,72,176,11/21/93,Oklahoma,WR,2557895
Keelan Cole,73,194,4/20/93,Kentucky Wesleyan,WR,2559153
B.W. Webb,71,190,5/3/90,William & Mary,CB,2539338
Ray-Ray Armstrong,75,220,3/5/91,Miami,OLB,2541792
Curtis Riley,72,190,7/18/92,Fresno State,FS,2553822
Lorenzo Carter,77,250,12/10/95,Georgia,OLB,2561015
Michael Thomas,71,195,3/17/90,Stanford,SS,2535687
Barry Church,2-Jun,218,2/11/88,Toledo,SS,494259
Tashaun Gipson,73,212,8/7/90,Wyoming,FS,2532848
D.J. Hayden,71,190,6/27/90,Houston,CB,2539237
Lerentee McCray,75,249,8/26/90,Florida,DE,2539662
A.J. Bouye,72,191,8/16/91,Central Florida,CB,2541162
Telvin Smith,3-Jun,215,4/11/91,Florida State,OLB,2543711
Jalen Ramsey,73,208,10/24/94,Florida State,CB,2555280
Myles Jack,73,244,9/3/95,UCLA,OLB,2555329
Eli Manning,5-Jun,218,1/3/81,Mississippi,QB,2505996
Odell Beckham Jr.,71,198,11/5/92,Louisiana State,WR,2543496
Cody Latimer,75,222,10/10/92,Indiana,WR,2543590
Sterling Shepard,70,201,2/10/93,Oklahoma,WR,2555295
Evan Engram,75,240,9/2/94,Mississippi,TE,2557858
Wayne Gallman,72,210,10/1/94,Clemson,RB,2557952
Rhett Ellison,5-Jun,255,10/3/88,USC,TE,2532835
Tommy Bohanon,1-Jun,246,9/10/90,Wake Forest,FB,2540225
Saquon Barkley,72,233,2/9/97,Penn State,RB,2560968
Leon Jacobs,74,245,10/3/95,Wisconsin,LB,2560758
Scott Simonson,77,255,4/13/92,Assumption,TE,2550599
Ronnie Harrison,75,214,4/18/97,Alabama,DB,2561008
Jonathan Stewart,10-May,245,3/21/87,Oregon,RB,949
Shane Smith,1-Jun,240,8/21/93,San Jose State,FB,2559254
Corey Grant,11-May,203,12/19/91,Auburn,RB,2553650
Jarrod Wilson,74,210,2/9/94,Michigan,SS,2556711
Alex Smith,76,213,5/7/84,Utah,QB,2506340
Chris Thompson,68,195,10/20/90,Florida State,RB,2540011
Jordan Reed,74,242,7/3/90,Florida,TE,2540160
Paul Richardson,72,180,4/13/92,Colorado,WR,2543491
Jamison Crowder,69,177,6/17/93,Duke,WR,2552415
Josh Doctson,74,205,12/3/92,Texas Christian,WR,2555343
Patrick Peterson,73,203,7/11/90,Louisiana State,CB,2495504
Antoine Bethea,71,201,7/27/84,Howard,FS,2495807
Jamar Taylor,71,192,9/29/90,Boise State,CB,2539932
Deone Bucannon,73,211,8/30/92,Washington State,ILB,2543769
Tre Boston,73,205,6/25/92,North Carolina,FS,2543830
Haason Reddick,73,235,9/22/94,Temple,ILB,2557887
Budda Baker,70,195,1/10/96,Washington,FS,2558009
Adrian Peterson,73,220,3/21/85,Oklahoma,RB,2507164
Josh Bynes,73,235,8/24/89,Auburn,ILB,2530491
Vernon Davis,3-Jun,248,1/31/84,Maryland,TE,2495826
Ryan Kerrigan,76,265,8/16/88,Purdue,OLB,2495190
Mason Foster,1-Jun,250,3/1/89,Washington,ILB,2495281
Zach Brown,1-Jun,250,10/23/89,North Carolina,ILB,2532804
Josh Norman,72,200,12/15/87,Coastal Carolina,CB,2532920
D.J. Swearinger,70,205,9/1/91,South Carolina,FS,2539943
Preston Smith,77,265,11/17/92,Mississippi State,OLB,2552276
Quinton Dunbar,74,202,7/22/92,Florida,CB,2553796
Montae Nicholson,2-Jun,212,12/4/95,Michigan State,FS,2558133
Fabian Moreau,72,204,4/9/94,UCLA,CB,2558136
Sam Bradford,4-Jun,224,11/8/87,Oklahoma,QB,497095
Larry Fitzgerald,75,218,8/31/83,Pittsburgh,WR,2506106
David Johnson,73,224,12/16/91,Northern Iowa,RB,2553435
Chad Williams,74,204,10/19/94,Grambling,WR,2558208
Ricky Seals-Jones,77,243,3/15/95,Texas A&M,TE,2559248
Christian Kirk,71,200,11/18/96,Texas A&M,WR,2560781
Josh Harvey-Clemons,76,245,2/20/94,Louisville,ILB,2557880
Jeremy Sprinkle,77,255,8/10/94,Arkansas,TE,2557886
Chase Edmonds,69,210,4/13/96,Fordham,RB,2560711
Rob Kelley,Jun-00,229,10/3/92,Tulane,RB,2556414
Pernell McPhee,75,265,12/17/88,Mississippi State,OLB,2495201
Ryan Anderson,74,253,8/12/94,Alabama,OLB,2557853
Gabe Holmes,5-Jun,255,3/29/91,Purdue,TE,2553658
Zach Vigil,2-Jun,238,3/28/91,Utah State,MLB,2553687
Greg Stroman,72,181,3/8/96,Virginia Tech,DB,2560886
Rudy Ford,72,204,11/1/94,Auburn,S,2558174
Deonte Thompson,Jun-00,204,2/14/89,Florida,WR,2534436
Tavon Austin,68,185,3/15/90,West Virginia,WR,2539336
Geoff Swaim,76,260,9/16/93,Texas,TE,2553454
Rod Smith,75,236,1/10/92,Ohio State,RB,2553743
Ezekiel Elliott,72,228,7/22/95,Ohio State,RB,2555224
Dak Prescott,74,238,7/29/93,Mississippi State,QB,2555260
Captain Munnerlyn,9-May,195,4/10/88,South Carolina,CB,80668
Da'Norris Searcy,11-May,205,11/16/88,North Carolina,SS,2495339
Mike Adams,11-May,205,3/24/81,Delaware,FS,2505708
Luke Kuechly,3-Jun,238,4/20/91,Boston College,MLB,2533056
Shaq Thompson,72,230,4/21/94,Washington,OLB,2552447
James Bradberry,73,212,8/4/93,Samford,CB,2555175
Donte Jackson,70,180,11/8/95,Louisiana State,CB,2560753
Sean Lee,74,245,7/22/86,Penn State,ILB,496937
Jeff Heath,73,212,5/14/91,Saginaw Valley State,SS,2541832
Byron Jones,72,205,9/26/92,Connecticut,CB,2552568
Anthony Brown,71,196,12/15/93,Purdue,CB,2555531
Kavon Frazier,72,220,8/11/94,Central Michigan,SS,2555536
Chidobe Awuzie,72,202,5/24/95,Colorado,CB,2557840
Leighton Vander Esch,76,256,2/8/96,Boise State,LB,2560908
Cam Newton,77,245,5/11/89,Auburn,QB,2495455
Torrey Smith,Jun-00,205,1/26/89,Maryland,WR,2495459
Jarius Wright,70,191,11/25/89,Arkansas,WR,2532978
Devin Funchess,76,225,5/21/94,Michigan,WR,2552458
Christian McCaffrey,71,205,6/7/96,Stanford,RB,2557997
Ian Thomas,75,260,6/6/96,Indiana,TE,2560894
Cole Beasley,68,174,4/26/89,Southern Methodist,WR,2535698
Allen Hurns,75,195,11/12/91,Miami,WR,2550353
Michael Gallup,73,200,3/4/96,Colorado State,WR,2560735
Blake Jarwin,77,260,7/16/94,Oklahoma State,TE,2559193
Damien Wilson,72,243,5/28/93,Minnesota,OLB,2552686
Jaylon Smith,74,245,6/14/95,Notre Dame,MLB,2555310
Chris Manhertz,78,255,4/10/92,Canisius,TE,2552622
Alex Armah,74,255,5/17/94,West Georgia,RB,2558833
D.J. Moore,71,215,4/14/97,Maryland,WR,2560813
Joe Thomas,73,232,5/6/91,South Carolina State,ILB,2550262
Terrance Williams,2-Jun,210,9/18/89,Baylor,WR,2539205
David Mayo,74,240,8/8/93,Texas State,MLB,2553441
Greg Olsen,77,255,3/11/85,Miami,TE,2495700
Justin March,72,222,7/5/93,Akron,OLB,2553815
C.J. Anderson,8-May,225,2/10/91,California,RB,2540269
Colin Jones,72,205,10/27/87,Texas Christian,FS,2499257
Dalton Schultz,77,242,7/11/96,Stanford,TE,2560866
Jamize Olawale,73,242,4/17/89,North Texas,FB,2536044
Prince Amukamara,72,204,6/6/89,Nebraska,CB,2495108
Danny Trevathan,72,239,3/24/90,Kentucky,ILB,2532961
Kyle Fuller,71,194,2/16/92,Virginia Tech,CB,2543681
Adrian Amos,72,214,4/29/93,Penn State,FS,2552385
Bryce Callahan,69,188,10/23/91,Rice,CB,2553500
Nick Kwiatkoski,74,242,5/26/93,West Virginia,ILB,2555288
Eddie Jackson,72,202,12/10/93,Alabama,FS,2558176
Lance Kendricks,75,250,1/30/88,Wisconsin,TE,2495187
Randall Cobb,70,192,8/22/90,Kentucky,WR,2495448
Aaron Rodgers,74,225,12/2/83,California,QB,2506363
Davante Adams,73,215,12/24/92,Fresno State,WR,2543495
Ty Montgomery,72,216,1/22/93,Stanford,RB,2552429
Geronimo Allison,75,202,1/18/94,Illinois,WR,2556460
Jimmy Graham,79,265,11/24/86,Miami,TE,497236
Marquez Valdes-Scantling,76,207,10/10/94,South Florida,WR,2560907
Leonard Floyd,77,240,9/8/92,Georgia,OLB,2555285
Jamaal Williams,72,213,4/3/95,Brigham Young,RB,2558204
Dion Sims,4-Jun,268,2/18/91,Michigan State,TE,2540200
Allen Robinson,74,220,8/24/93,Penn State,WR,2543509
Trey Burton,74,238,10/29/91,Florida,TE,2550284
Taylor Gabriel,67,168,2/17/91,Abilene Christian,WR,2550617
Jordan Howard,72,224,11/2/94,Indiana,RB,2555418
Mitchell Trubisky,74,215,8/20/94,North Carolina,QB,2558008
Clay Matthews,75,255,5/14/86,Southern California,OLB,80431
Tramon Williams,71,191,3/16/83,Louisiana Tech,CB,2506789
Ha Ha Clinton-Dix,73,211,12/21/92,Alabama,FS,2543470
Jermaine Whitehead,11-May,195,3/12/93,Auburn,FS,2552697
Blake Martinez,74,237,1/9/94,Stanford,ILB,2555161
Kentrell Brice,71,200,8/11/94,Louisiana Tech,SS,2556480
Reggie Gilbert,76,260,4/1/93,Arizona,LB,2556537
Kevin King,75,200,5/5/95,Washington,CB,2557996
Josh Jackson,72,196,4/3/96,Iowa,CB,2560755
Anthony Miller,71,199,10/9/94,Memphis,WR,2560810
Nick Perry,3-Jun,265,4/12/90,USC,OLB,2533048
Jaire Alexander,70,196,2/9/97,Louisville,CB,2560952
Tarik Cohen,66,191,7/26/95,North Carolina A&T,RB,2558250
DeShone Kizer,76,235,1/3/96,Notre Dame,QB,2557983
Roquan Smith,72,230,4/8/97,Georgia,LB,2560877
Sherrick McManis,71,203,12/19/87,Northwestern,CB,494289
Ben Braunecker,75,247,2/7/94,Harvard,TE,2556478
Antonio Morrison,1-Jun,241,12/6/94,Florida,ILB,2555160
Kevin White,75,216,6/25/92,West Virginia,WR,2553432
Michael Burton,72,240,2/1/92,Rutgers,FB,2552636
Kyler Fackrell,77,245,11/25/91,Utah State,OLB,2555340
Eddie Goldman,75,318,1/6/94,Florida State,NT,2552489
Sam Acho,75,259,9/6/88,Texas,OLB,2495101
Marcus Cooper,2-Jun,197,2/1/90,Rutgers,CB,2541202
Marcedes Lewis,78,267,5/19/84,UCLA,TE,2495888
Buster Skrine,69,185,4/26/89,Chattanooga,CB,2495343
Trumaine Johnson,74,213,1/1/90,Montana,CB,2532877
Morris Claiborne,71,192,2/7/90,Louisiana State,CB,2533059
Avery Williamson,73,246,3/9/92,Kentucky,ILB,2543597
Jordan Jenkins,75,259,7/1/94,Georgia,OLB,2555256
Darron Lee,73,232,10/18/94,Ohio State,ILB,2555322
Doug Middleton,72,210,9/25/93,Appalachian State,S,2556617
Jamal Adams,73,213,10/17/95,Louisiana State,SS,2557979
Matthew Stafford,75,220,2/7/88,Georgia,QB,79860
Golden Tate,71,197,8/2/88,Notre Dame,WR,497326
Marvin Jones,74,198,3/12/90,California,WR,2532884
Michael Roberts,77,265,5/7/94,Toledo,TE,2558049
Kenny Golladay,76,213,11/3/93,Northern Illinois,WR,2558052
Kerryon Johnson,71,212,6/30/97,Auburn,RB,2560765
Theo Riddick,69,201,5/4/91,Notre Dame,RB,2540020
Luke Willson,77,254,1/15/90,Rice,TE,2541199
Levine Toilolo,80,268,7/30/91,Stanford,TE,2540203
Frankie Luvu,75,235,9/19/96,Washington State,LB,2561366
T.J. Jones,Jun-00,190,7/19/92,Notre Dame,WR,2543836
Darryl Roberts,72,182,11/26/90,Marshall,CB,2553353
Hakeem Valles,3-Jun,250,11/23/92,Monmouth (N.J.),TE,2556453
J.J. Wilcox,72,212,2/14/91,Georgia Southern,FS,2540219
Leonard Williams,77,302,6/20/94,Southern California,DE,2552486
Quincy Enunwa,74,225,5/31/92,Nebraska,WR,2543828
Isaiah Crowell,71,225,1/8/93,Alabama State,RB,2550189
Neal Sterling,4-Jun,257,1/14/92,"Monmouth, N.J.",TE,2553451
Eric Tomlinson,78,263,4/22/92,Texas-El Paso,TE,2553744
Robby Anderson,75,190,5/9/93,Temple,WR,2556462
Sam Darnold,75,225,6/5/97,Southern California,QB,2561036
Glover Quin,Jun-00,207,1/15/86,New Mexico,FS,71441
Tavon Wilson,72,208,3/19/90,Illinois,SS,2534830
Darius Slay,72,190,1/1/91,Mississippi State,CB,2540288
Devon Kennard,75,256,6/24/91,Southern California,OLB,2543869
Nevin Lawson,69,190,4/23/91,Utah State,CB,2543872
Christian Jones,75,250,2/18/91,Florida State,ILB,2550572
Quandre Diggs,69,197,1/22/93,Texas,SS,2552262
Jalen Reeves-Maybin,72,233,1/31/95,Tennessee,OLB,2557924
Terrelle Pryor,4-Jun,228,6/20/89,Ohio State,WR,2531332
Jamal Agnew,70,190,4/3/95,San Diego,CB,2558821
Jarrad Davis,73,245,11/16/94,Florida,MLB,2557855
Chris Herndon,76,252,2/23/96,Miami,TE,2560738
Eli Harold,3-Jun,243,1/20/94,Virginia,DE,2552494
LeGarrette Blount,Jun-00,247,12/5/86,Oregon,RB,497149
Bilal Powell,70,204,10/27/88,Louisville,RB,2495328
Parry Nickerson,70,180,10/11/94,Tulane,CB,2560822
Nick Bellore,73,250,5/12/89,Central Michigan,FB,2495262
Neville Hewitt,74,234,4/6/93,Marshall,OLB,2553657
Matt Cassel,4-Jun,225,5/17/82,USC,QB,2506562
Marquis Flowers,2-Jun,250,2/16/92,Arizona,OLB,2549896
Bradley Marquez,10-May,205,12/14/92,Texas Tech,WR,2553725
Andre Roberts,71,195,1/9/88,Citadel,WR,497320
Charone Peake,2-Jun,209,10/16/92,Clemson,WR,2555477
Jordan Leggett,77,258,1/31/95,Clemson,TE,2557885
Trenton Cannon,71,185,7/23/94,Virginia State,RB,2561137
Teez Tabor,72,191,12/31/95,Florida,CB,2557955
Aqib Talib,73,209,2/13/86,Kansas,CB,1302
Nickell Robey-Coleman,68,178,1/17/92,Southern California,CB,2540197
Lamarcus Joyner,68,185,11/27/90,Florida State,FS,2543492
Marcus Peters,72,197,1/9/93,Washington,CB,2552488
Marqui Christian,71,207,10/27/94,Midwestern State,SS,2556277
Cory Littleton,75,228,11/18/93,Washington,ILB,2556593
John Johnson,72,209,12/19/95,Boston College,SS,2558183
Samson Ebukam,75,245,5/9/95,Eastern Washington,OLB,2558830
Jordy Nelson,3-Jun,217,5/31/85,Kansas State,WR,1032
Jared Cook,77,254,4/7/87,South Carolina,TE,71265
Marshawn Lynch,71,215,4/22/86,California,RB,2495663
Derek Carr,75,210,3/28/91,Fresno State,QB,2543499
Seth Roberts,74,195,2/22/91,West Alabama,WR,2550597
Amari Cooper,73,211,6/17/94,Alabama,WR,2552487
Robert Woods,72,193,4/10/92,Southern California,WR,2540169
Brandin Cooks,70,183,9/25/93,Oregon State,WR,2543498
Todd Gurley,73,224,8/3/94,Georgia,RB,2552475
Jared Goff,76,223,10/14/94,California,QB,2555334
Tyler Higbee,78,257,1/1/93,Western Kentucky,TE,2555364
Cooper Kupp,74,208,6/15/93,Eastern Washington,WR,2557898
Marcus Gilchrist,10-May,200,12/8/88,Clemson,FS,2495153
Leon Hall,11-May,195,12/9/84,Michigan,CB,2495617
Derrick Johnson,3-Jun,245,11/22/82,Texas,ILB,2506353
Reggie Nelson,11-May,210,9/21/83,Florida,FS,2507167
Tahir Whitehead,73,241,4/2/90,Temple,OLB,2532986
Rashaan Melvin,74,194,10/2/89,Northern Illinois,CB,2541200
Gareon Conley,72,190,6/29/95,Ohio State,CB,2558062
Dominique Easley,2-Jun,263,4/28/92,Florida,OLB,2543487
Ramik Wilson,2-Jun,237,8/19/92,Georgia,ILB,2552320
Derek Carrier,75,240,7/25/90,Beloit,TE,2534241
Jalen Richard,68,207,10/15/93,Southern Mississippi,RB,2556885
Matt Longacre,3-Jun,265,9/21/91,Northwest Missouri State,OLB,2553722
Doug Martin,9-May,210,1/13/89,Boise State,RB,2532899
Dominique Rodgers-Cromartie,74,205,4/7/86,Tennessee State,CB,306
Gerald Everett,75,240,6/25/94,South Alabama,TE,2557889
Josh Reynolds,75,196,2/16/95,Texas A&M,WR,2558194
Marquel Lee,75,235,10/21/95,Wake Forest,MLB,2557972
Malcolm Brown,71,222,5/15/93,Texas,RB,2552382
Shilique Calhoun,76,260,3/20/92,Michigan State,LB,2555294
Johnny Mundt,76,232,11/23/94,Oregon,TE,2558875
Emmanuel Lamur,4-Jun,245,6/8/89,Kansas State,OLB,2536032
Karl Joseph,70,200,9/8/93,West Virginia,SS,2555342
Keith Smith,72,240,4/8/92,San Jose State,FB,2550400
Tony McRae,70,185,5/3/93,North Carolina A&T,CB,2556817
Sam Hubbard,77,265,6/29/95,Ohio State,DE,2560745
Jordan Richards,71,210,1/21/93,Stanford,SS,2552392
Ito Smith,69,195,9/11/95,Southern Mississippi,RB,2559924
Marquis Haynes,74,235,12/16/93,Mississippi,DE,2561009
Rashaan Gaulden,73,200,1/23/95,Tennessee,DB,2560775
Blidi Wreh-Wilson,73,190,12/5/89,Connecticut,CB,2539219
Corn Elder,70,185,10/9/94,Miami,CB,2558171
Keith Tandy,10-May,205,2/12/89,West Virginia,FS,2534741
Virgil Green,77,255,8/3/88,Nevada,TE,2495288
Philip Rivers,77,228,12/8/81,North Carolina State,QB,2506121
Melvin Gordon,73,215,4/13/93,Wisconsin,RB,2552469
Derek Watt,74,234,11/7/92,Wisconsin,FB,2555220
Mike Williams,76,218,10/4/94,Clemson,WR,2558846
Sean Culkin,77,255,6/11/93,Missouri,TE,2559161
Vontae Davis,11-May,207,5/27/88,Illinois,CB,79901
Antonio Gates,4-Jun,255,6/18/80,Kent State,TE,2505299
Keenan Allen,74,211,4/27/92,California,WR,2540154
Tyrell Williams,76,205,2/12/92,Western Oregon,WR,2553913
Casey Hayward,71,192,9/9/89,Vanderbilt,CB,2532861
Jahleel Addae,70,195,1/24/90,Central Michigan,SS,2541958
Denzel Perryman,71,240,12/5/92,Miami,ILB,2552310
Trevor Williams,71,191,9/15/93,Penn State,CB,2556828
Desmond King,70,201,12/14/94,Iowa,CB,2557927
Derwin James,74,215,8/3/96,Florida State,SS,2560760
Kyzir White,74,216,3/24/96,West Virginia,LB,2560928
Austin Ekeler,70,200,5/17/95,"Western State, Colo.",RB,2559169
Adrian Phillips,71,210,3/28/92,Texas,SS,2550842
Jatavis Brown,71,221,2/18/94,Akron,OLB,2556148
Uchenna Nwosu,74,251,12/28/96,Southern California,LB,2560826
Rayshawn Jenkins,74,220,1/25/94,Miami,SS,2558182
Kyle Emanuel,75,250,8/16/91,North Dakota State,OLB,2552296
Patrick DiMarco,73,234,4/30/89,South Carolina,FB,2530763
Ramon Humber,11-May,232,8/10/87,North Dakota State,OLB,2507644
Lafayette Pitts,71,195,9/24/92,Pittsburgh,CB,2556652
Geremy Davis,75,211,1/10/92,Connecticut,WR,2552654
J.J. Jones,10-May,174,12/6/92,West Georgia,WR,2561358
Detrez Newsome,10-May,210,3/6/94,Western Carolina,RB,2561382
Siran Neal,72,205,8/4/94,Jacksonville State,DB,2560818
Kyle Rudolph,78,265,11/9/89,Notre Dame,TE,2495438
Kirk Cousins,75,202,8/19/88,Michigan State,QB,2532820
Latavius Murray,75,230,1/18/90,Central Florida,RB,2541161
Adam Thielen,74,200,8/22/90,Minn. State-Mankato,WR,2541785
David Morgan,76,265,5/19/93,Texas-San Antonio,TE,2555306
Tyler Conklin,75,254,7/30/95,Central Michigan,TE,2561027
Stefon Diggs,72,191,11/29/93,Maryland,WR,2552608
Laquon Treadwell,74,215,6/14/95,Mississippi,WR,2555214
Korey Toomer,2-Jun,235,12/9/88,Idaho,MLB,2534567
Andrew Sendejo,73,210,9/9/87,Rice,SS,2525323
Harrison Smith,74,214,2/2/89,Notre Dame,FS,2532948
Xavier Rhodes,73,218,6/19/90,Florida State,CB,2540155
Anthony Barr,77,255,3/18/92,UCLA,OLB,2543459
Eric Kendricks,72,232,2/29/92,UCLA,MLB,2552312
Trae Waynes,72,190,7/25/92,Michigan State,CB,2552448
Mackensie Alexander,70,192,11/12/93,Clemson,CB,2555177
Dalvin Cook,70,210,8/10/95,Florida State,RB,2557991
C.J. Ham,71,235,7/22/93,"Augustana, S.D.",FB,2556803
Davon House,Jun-00,195,7/10/89,New Mexico State,CB,2495170
Ben Gedeon,74,244,10/16/94,Michigan,OLB,2558033
Jayron Kearse,76,215,2/11/94,Clemson,SS,2555156
Stacy Coley,Jun-00,195,5/13/94,Miami (Fla.),WR,2557896
Mike Hughes,70,191,2/11/97,Central Florida,CB,2560746
Brandon Zylstra,74,215,3/25/93,"Concordia, Minn",WR,2560243
James Burgess,72,230,3/9/94,Louisville,OLB,2556489
Orson Charles,3-Jun,257,1/27/91,Georgia,TE,2533047
P.J. Williams,72,196,6/1/93,Florida State,CB,2552484
Jermaine Kearse,73,209,2/6/90,Washington,WR,2532887
Travis Kelce,77,260,10/5/89,Cincinnati,TE,2540258
Sammy Watkins,73,211,6/14/93,Clemson,WR,2543457
Chris Conley,75,205,10/25/92,Georgia,WR,2552652
Tyreek Hill,70,185,3/1/94,West Alabama,WR,2556214
Kareem Hunt,71,216,8/6/95,Toledo,RB,2557917
Patrick Mahomes,75,230,9/17/95,Texas Tech,QB,2558125
Coty Sensabaugh,71,187,11/15/88,Clemson,CB,2532946
Orlando Scandrick,10-May,196,2/10/87,Boise State,CB,2307
Justin Houston,75,270,1/21/89,Georgia,DE,2495493
Ron Parker,Jun-00,206,8/17/87,Newberry,FS,2530794
Anthony Hitchens,72,235,6/10/92,Iowa,MLB,2543592
Steven Nelson,71,194,1/22/93,Oregon State,CB,2552265
Reggie Ragland,74,252,9/23/93,Alabama,ILB,2555169
Eric Murray,71,199,1/7/94,Minnesota,FS,2555173
Kendall Fuller,71,198,2/13/95,Virginia Tech,CB,2555349
Breeland Speaks,75,285,12/18/95,Mississippi,LB,2560881
Armani Watts,71,205,3/19/96,Texas A&M,DB,2560921
Vance McDonald,76,267,6/13/90,Rice,TE,2540215
Terrance Smith,2-Jun,235,5/3/93,Florida State,ILB,2556775
Anthony Sherman,70,242,12/11/88,Connecticut,FB,2495340
Demetrius Harris,79,230,7/29/91,Wisconsin-Milwaukee,TE,2541187
Tremon Smith,71,190,7/20/96,Central Arkansas,WR,2561103
Tanoh Kpassagnon,79,289,6/14/94,Villanova,DE,2558185
Darrius Heyward-Bey,2-Jun,210,2/26/87,Maryland,WR,80427
Spencer Ware,70,229,11/23/91,LSU,RB,2540204
Damien Williams,71,224,4/3/92,Oklahoma,RB,2550512
Demarcus Robinson,73,203,9/21/94,Florida,WR,2555478
De'Anthony Thomas,68,176,1/5/93,Oregon,WR,2543638
Stevan Ridley,11-May,220,1/27/89,LSU,RB,2495470
Dorian O'Daniel,73,220,9/4/94,Clemson,LB,2560827
Kamar Aiken,2-Jun,216,5/30/89,Central Florida,WR,2530660
Nigel Bradham,74,241,9/4/89,Florida State,OLB,2532800
Josh Perkins,75,223,8/5/93,Washington,TE,2556444
Javien Elliott,71,185,7/18/93,Florida State,CB,2556934
Jordan Whitehead,70,198,3/18/97,Pittsburgh,DB,2560930
Marcus Williams,11-May,196,3/24/91,North Dakota State,CB,2550605
Shaun Wilson,69,185,12/2/95,Duke,RB,2561291
Will Fuller,72,184,4/16/94,Notre Dame,WR,2555346
Harold Landry,74,250,6/5/96,Boston College,OLB,2560784
Duke Ejiofor,76,255,4/24/95,Wake Forest,LB,2560714
Anthony Firkser,74,246,2/19/95,Harvard,TE,2558942
Brennan Scarlett,76,263,7/31/93,Stanford,OLB,2556673
Joe Webb,76,231,11/14/86,Alabama-Birmingham,QB,1037347
Shareece Wright,11-May,184,4/8/87,USC,CB,2495251
Johnson Bademosi,72,219,7/23/90,Stanford,CB,2535693
Brian Peters,4-Jun,240,10/31/88,Northwestern (Ia),ILB,2552730
Natrell Jamerson,71,200,12/15/95,Wisconsin,DB,2560759
Peter Kalambayi,75,254,6/26/95,Stanford,LB,2560774
Buddy Howell,73,218,3/27/96,Florida Atlantic,RB,2561344
A.J. Moore,71,202,12/15/95,Mississippi,DB,2561538
Brett Kern,74,214,2/17/86,Toledo,P,4263
Beau Brinkley,76,260,1/25/90,Missouri,LS,2535701
Brynden Trawick,74,225,10/23/89,Troy,FS,2541756
Dane Cruikshank,73,209,4/27/95,Arizona,DB,2561033
Pierre Desir,73,192,9/8/90,Lindenwood,CB,2543811
Marlon Mack,72,210,3/7/96,South Florida,RB,2558123
Ryan Hewitt,4-Jun,255,1/24/91,Stanford,TE,2550206
Marcus Johnson,73,207,8/5/94,Texas,WR,2556855
Jehu Chesson,74,204,12/20/93,Michigan,WR,2557866
Brian Quick,3-Jun,215,6/5/89,Appalachian State,WR,2532933
Sam Shields,11-May,178,12/8/87,Miami (Fla.),CB,1037374
Gerald Hodges,2-Jun,236,1/17/91,Penn State,ILB,2539293
Bene' Benwikere,Jun-00,195,9/3/91,San Jose State,CB,2543855
J.J. Nelson,70,160,4/24/92,Alabama-Birmingham,WR,2552656
Bryce Hager,73,237,5/4/92,Baylor,ILB,2552307
Troy Hill,71,184,8/29/91,Oregon,CB,2553536
Blake Countess,70,191,8/8/93,Auburn,SS,2556374
Isaiah Johnson,73,210,5/16/92,Georgia Tech,DB,2553545
Pierre Garcon,Jun-00,211,8/8/86,Mount Union,WR,2346
Garrett Celek,77,252,5/29/88,Michigan State,TE,2534820
Jimmy Garoppolo,74,225,11/2/91,Eastern Illinois,QB,2543801
George Kittle,76,250,10/9/93,Iowa,TE,2558266
Matt Breida,70,190,2/28/95,Georgia Southern,RB,2558918
Dante Pettis,73,195,10/23/95,Washington,WR,2560836
Trent Taylor,68,181,4/30/94,Louisiana Tech,WR,2558202
Kendrick Bourne,73,203,8/4/95,Eastern Washington,WR,2558914
Richard Sherman,75,195,3/30/88,Stanford,CB,2495507
K'Waun Williams,69,183,7/12/91,Pittsburgh,CB,2550654
Jaquiski Tartt,73,215,2/12/92,Samford,FS,2552391
Elijah Lee,74,229,2/8/96,Kansas State,LB,2558121
Ahkello Witherspoon,75,195,3/21/95,Colorado,CB,2558157
Adrian Colbert,74,205,10/6/93,Miami,FS,2558857
Fred Warner,75,230,11/19/96,Brigham Young,LB,2560917
Alfred Morris,10-May,222,12/12/88,Florida Atlantic,RB,2533457
Richie James,69,185,9/5/95,Middle Tennessee,WR,2560761
Kyle Juszczyk,73,240,4/23/91,Harvard,FB,2540230
Mark Nzeocha,75,239,1/19/90,Wyoming,MLB,2552684
Tracy Walker,73,210,2/1/95,Louisiana-Lafayette,DB,2560913
Jimmie Ward,71,193,7/18/91,Northern Illinois,FS,2543741
Romeo Okwara,76,263,6/17/95,Notre Dame,DE,2556641
Cole Wick,78,257,11/30/93,Incarnate Word,TE,2556708
Antone Exum,Jun-00,219,2/27/91,Virginia Tech,FS,2543680
Darian Stewart,71,214,8/4/88,South Carolina,FS,494307
Von Miller,75,250,3/26/89,Texas A&M,OLB,2495202
Chris Harris,70,199,6/18/89,Kansas,CB,2530510
Brandon Marshall,1-Jun,245,9/10/89,Nevada,ILB,2532898
Bradley Roby,71,194,5/1/92,Ohio State,CB,2543505
Todd Davis,73,230,5/17/92,Sacramento State,ILB,2550930
Justin Simmons,74,202,11/19/93,Boston College,SS,2555550
Emmanuel Sanders,71,180,3/17/87,Southern Methodist,WR,497322
Demaryius Thomas,75,225,12/25/87,Georgia Tech,WR,497328
Case Keenum,73,215,2/17/88,Houston,QB,2532888
Jeff Heuerman,77,255,11/24/92,Ohio State,TE,2552399
Royce Freeman,72,238,2/24/96,Oregon,RB,2560733
Courtland Sutton,76,216,10/10/95,Southern Methodist,WR,2560888
Erik Harris,74,220,4/2/90,"California, Pa.",SS,2555568
Devontae Booker,71,219,5/27/92,Utah,RB,2555223
Jake Butt,78,250,7/11/95,Michigan,TE,2557859
Phillip Lindsay,68,190,7/24/94,Colorado,RB,2559947
Martavis Bryant,4-Jun,210,12/20/91,Clemson,WR,2543572
Adam Jones,10-May,185,9/30/83,West Virginia,CB,2506345
Andy Janovich,73,238,5/23/93,Nebraska,RB,2555432
Shaquil Barrett,74,250,11/17/92,Colorado State,OLB,2550541
Josey Jewell,73,236,12/25/94,Iowa,LB,2560763
Tramaine Brock,72,188,8/20/88,Belhaven,CB,2507917
Tim Patrick,76,212,11/23/93,Utah,WR,2558985
DaeSean Hamilton,73,206,3/10/95,Penn State,WR,2561002
Lee Smith,78,265,11/21/87,Marshall,TE,2495347
Brandon LaFell,3-Jun,210,11/4/86,LSU,WR,497302
Will Parks,73,194,7/29/94,Arizona,FS,2556278
Bruce Irvin,75,250,11/1/87,West Virginia,LB,2532871
Geneo Grissom,4-Jun,265,6/4/92,Oklahoma,DE,2552271
Jacob Hollister,76,245,11/18/93,Wyoming,TE,2558956
Tyler Patmon,10-May,188,1/26/91,Oklahoma State,CB,2550659
Yannick Ngakoue,74,246,3/31/95,Maryland,DE,2555421
Brandon Wilds,Jun-00,220,7/22/93,South Carolina,RB,2556454
Sony Michel,71,215,2/17/95,Georgia,RB,2560809
Rico Gathers,6-Jun,280,1/7/94,Baylor,TE,2556375
Donte' Deayon,69,159,1/28/94,Boise State,CB,2556512
Jourdan Lewis,70,195,8/31/95,Michigan,CB,2557920
Russell Shepard,72,195,9/17/90,LSU,WR,2541944
Ibraheim Campbell,71,210,5/13/92,Northwestern,FS,2552605
Brandon Marshall,5-Jun,232,3/23/84,Central Florida,WR,2495893
Russell Wilson,71,215,11/29/88,Wisconsin,QB,2532975
Jaron Brown,75,204,1/8/90,Clemson,WR,2541966
Tyler Lockett,70,182,9/28/92,Kansas State,WR,2552430
Nick Vannett,78,261,3/6/93,Ohio State,TE,2555289
Chris Carson,71,222,9/16/94,Oklahoma State,RB,2558865
Earl Thomas,70,202,5/7/89,Texas,FS,2508080
Bradley McDougald,73,215,11/15/90,Kansas,SS,2539243
Akeem King,73,215,8/29/92,San Jose State,CB,2553456
Justin Coleman,71,190,3/27/93,Tennessee,CB,2553637
Tedric Thompson,72,204,1/20/95,Colorado,FS,2557881
Shaquill Griffin,72,198,7/20/95,Central Florida,CB,2558259
Austin Calitro,72,240,1/10/94,Villanova,LB,2558925
Rashaad Penny,71,220,2/2/96,San Diego State,RB,2560835
Will Dissly,76,267,7/8/96,Washington,TE,2561046
Mychal Kendricks,71,240,9/28/90,California,OLB,2532890
Barkevious Mingo,77,235,10/4/90,Louisiana State,OLB,2540140
Frank Clark,75,260,6/14/93,Michigan,DE,2552629
Tre Madden,Jun-00,235,8/16/93,USC,FB,2556603
David Moore,72,215,1/15/95,East Central,WR,2558856
C.J. Prosise,73,225,5/20/94,Notre Dame,RB,2555417
Mike Davis,69,221,2/19/93,South Carolina,RB,2553439
Josh Bellamy,72,208,5/18/89,Louisville,WR,2535964
Keenan Reynolds,10-May,191,12/13/93,Navy,WR,2555356
Baker Mayfield,73,215,4/14/95,Oklahoma,QB,2560800
Isaiah Oliver,72,210,9/30/96,Colorado,CB,2560830
Cameron Meredith,3-Jun,207,9/21/92,Illinois State,WR,2553568
Taysom Hill,74,221,8/23/90,Brigham Young,QB,2558954
Russell Gage,72,184,1/22/96,Louisiana State,WR,2561061
Isaac Yiadom,73,190,2/20/96,Boston College,DB,2560946
Albert McClellan,74,235,6/4/86,Marshall,OLB,496814
Shamarko Thomas,9-May,205,2/23/91,Syracuse,SS,2539937
Mark Walton,10-May,200,3/29/97,Miami (Fla.),HB,2560915
Jermaine Carter,72,225,1/14/95,Maryland,LB,2561093
Cody Core,75,205,4/17/94,Mississippi,WR,2555331
Elijhaa Penny,73,234,8/17/93,Idaho,RB,2556762
Sean Chandler,70,205,4/27/96,Temple,DB,2561017
Jadeveon Clowney,77,255,2/14/93,South Carolina,DE,2543456
J.J. Watt,77,288,3/22/89,Wisconsin,DE,2495488
Rashaan Evans,74,234,11/8/95,Alabama,LB,2560718
Tre Herndon,71,185,3/5/96,Vanderbilt,CB,2561340
MyCole Pruitt,74,243,3/24/92,Southern Illinois,TE,2552401
Kenneth Durden,73,180,5/16/92,Youngstown State,CB,2556798
Marquise Goodwin,69,185,11/19/90,Texas,WR,2539964
Malcolm Smith,72,225,7/5/89,Southern California,OLB,2499278
Reuben Foster,73,228,4/4/94,Alabama,OLB,2557837
D.J. Reed,69,193,11/11/96,Kansas State,DB,2560850
Marcus Kemp,76,210,8/14/95,Hawaii,WR,2559076
Dee Ford,74,252,3/19/91,Auburn,DE,2543494
Tarvarius Moore,74,200,8/16/96,Southern Mississippi,DB,2561117
Raheem Mostert,70,197,4/9/92,Purdue,RB,2553728
DeVante Parker,75,216,1/20/93,Louisville,WR,2552409
Dwayne Harris,70,215,9/16/87,East Carolina,WR,2495159
Nicholas Morrow,72,225,7/10/95,Greenville,ILB,2559054
Khari Lee,76,253,1/16/92,Bowie State,TE,2553552
Ryan Lewis,72,195,4/15/94,Pittsburgh,CB,2559208
Ray-Ray McCloud,69,190,10/15/96,Clemson,WR,2560801
Mike Boone,70,205,6/30/95,Cincinnati,RB,2561099
Aldrick Robinson,10-May,185,9/24/88,Southern Methodist,WR,2495331
Eric Wilson,73,230,9/26/94,Cincinnati,OLB,2559012
Jordan Matthews,75,215,7/16/92,Vanderbilt,WR,2543500
Carson Wentz,77,237,12/30/92,North Dakota State,QB,2555259
Josh Adams,74,225,10/29/96,Notre Dame,RB,2560949
Jacoby Brissett,76,235,12/11/92,North Carolina State,QB,2555261
Aaron Jones,69,208,12/2/94,Texas-El Paso,RB,2558116
Deshazor Everett,72,203,2/22/92,Texas A&M,SS,2553710
Mason Crosby,73,207,9/3/84,Colorado,K,2507232
J.K. Scott,78,208,10/30/95,Alabama,P,2560868
Hunter Bradley,75,240,5/21/94,Mississippi State,LS,2561156
Danny Johnson,69,190,11/17/95,Southern U.,DB,2560764
Oren Burks,75,233,3/21/95,Vanderbilt,LB,2560984
Michael Davis,74,196,1/6/95,Brigham Young,CB,2559164
Benny Cunningham,10-May,218,7/7/90,Middle Tennessee State,RB,2541544
Jermaine Gresham,5-Jun,260,6/16/88,Oklahoma,TE,497238
Derrick Coleman,Jun-00,233,10/18/90,UCLA,FB,2534871
Kevin Toliver,74,199,11/24/95,Louisiana State,DB,2560901
Josh Rosen,76,215,2/10/97,UCLA,QB,2560858
Bobby Wagner,72,242,6/27/90,Utah State,MLB,2532966
Tre Flowers,75,203,6/2/95,Oklahoma State,CB,2560728
Xavier Woods,71,202,7/26/95,Louisiana Tech,FS,2558159
J.C. Jackson,73,198,11/17/95,Maryland,DB,2560754
Keion Crossen,70,185,4/17/96,Western Carolina,DB,2561157
Cyrus Jones,70,200,11/29/93,Alabama,CB,2555380
DeShawn Shead,2-Jun,216,6/28/89,Portland State,CB,2535609
Brent Grimes,10-May,185,7/19/83,Shippensburg,CB,2506861
Nat Berhe,11-May,195,7/6/91,San Diego State,SS,2543643
Isaiah Johnson,Jun-00,209,10/14/92,South Carolina,S,2556567
Holton Hill,74,196,3/28/97,Texas,CB,2560741
Jake McQuaide,74,235,12/7/87,Ohio State,LS,2530852
Johnny Hekker,77,241,2/8/90,Oregon State,P,2535663
Micah Kiser,72,244,1/25/95,Virginia,LB,2560782
KhaDarel Hodge,74,205,1/3/95,Prairie View,WR,2561653
Roc Thomas,10-May,198,9/2/95,Jacksonville State,RB,2560898
Ronald Jones,71,208,8/3/97,Southern California,RB,2560770
Chase Daniel,72,229,10/7/86,Missouri,QB,81284
Jameis Winston,76,231,1/6/94,Florida State,QB,2552033
Cameron Lynch,Jun-00,229,8/4/93,Syracuse,OLB,2553774
Justin Watson,75,215,4/4/96,Pennsylvania,WR,2560051
Deon Bush,72,200,8/14/93,Miami,SS,2555155
DeAndre Houston-Carson,72,202,4/13/93,William & Mary,FS,2555381
Javon Wims,74,221,9/11/94,Georgia,WR,2560939
Joel Iyiegbuniwe,73,226,10/12/95,Western Kentucky,LB,2560750
Eric Lee,3-Jun,255,8/6/94,South Florida,DE,2556588
J'Mon Moore,75,205,5/23/95,Missouri,WR,2560814
Tony Brown,72,198,7/13/95,Alabama,CB,2560982
Taiwan Jones,72,195,7/26/88,Eastern Washington,RB,2495467
Keke Coutee,71,180,1/14/97,Texas Tech,WR,2561029
Mo Alie-Cox,77,267,9/19/93,Virginia Commonwealth,TE,2558832
Chris Milton,71,190,9/15/92,Georgia Tech,CB,2556394
Marcus Maye,72,207,3/9/93,Florida,FS,2557995
Josh Martin,75,245,11/7/91,Columbia,OLB,2541864
Calais Campbell,80,300,9/1/86,Miami,DE,744
Malik Jackson,77,290,1/11/90,Tennessee,DT,2532873
Dante Fowler Jr.,75,255,8/3/94,Florida,OLB,2553431
Kevin Pierre-Louis,72,230,10/7/91,Boston College,ILB,2543563
Maurice Smith,72,194,6/14/95,Georgia,S,2559058
Kenjon Barner,69,195,4/28/89,Oregon,RB,2539289
Walt Aikens,73,200,6/19/91,Liberty,CB,2543724
Brock Osweiler,7-Jun,240,11/22/90,Arizona State,QB,2533436
Nicholas Grigsby,2-Jun,230,7/2/92,Pittsburgh,LB,2556542
Kendrick Lewis,Jun-00,205,6/16/88,Mississippi,FS,494277
Alshon Jeffery,75,218,2/14/90,South Carolina,WR,2533039
Nick Williams,10-May,184,11/23/90,Connecticut,WR,2540279
Avonte Maddox,69,184,3/31/96,Pittsburgh,CB,2560795
Doug Baldwin,10-May,192,9/21/88,Stanford,WR,2530747
Lano Hill,73,216,11/26/95,Michigan,SS,2558077
E.J. Gaines,70,191,2/23/92,Missouri,CB,2543823
Rod Streater,2-Jun,195,2/9/88,Temple,WR,2535869
C.J. Beathard,74,215,11/16/93,Iowa,QB,2557922
Travis Benjamin,70,175,12/29/89,Miami,WR,2532790
Greg Mabin,74,195,6/25/94,Iowa,CB,2558971
Craig Robertson,73,234,2/11/88,North Texas,OLB,2532431
Jawill Davis,1-Jun,191,4/6/95,Bethune-Cookman,WR,2561317
Thomas Morstead,76,235,3/8/86,Southern Methodist,P,71407
Chris Banjo,70,207,2/26/90,Southern Methodist,SS,2541192
Zach Wood,75,255,1/10/93,Southern Methodist,LS,2556931
Vince Biegel,75,246,7/2/93,Wisconsin,LB,2557906
Justin Hardee,73,200,2/7/94,Illinois,DB,2559181
J.T. Gray,72,202,1/18/96,Mississippi State,DB,2561206
Nate Stupar,2-Jun,240,3/14/88,Penn State,ILB,2533459
Kam Moore,11-May,203,10/1/96,Boston College,DB,2560815
Tae Davis,73,224,8/14/96,Chattanooga,ILB,2561318
Chris Wormley,77,300,8/25/93,Michigan,DE,2557862
De'Lance Turner,11-May,214,8/23/95,Alcorn State,RB,2561468
Tim White,70,185,7/15/94,Arizona State,WR,2559007
L.J. Fort,72,232,1/3/90,Northern Iowa,ILB,2535613
Matt LaCosse,78,255,9/21/92,Illinois,TE,2553667
Shane Ray,3-Jun,255,5/18/93,Missouri,DE,2552451
Lenzy Pipkins,72,196,11/7/93,Oklahoma State,CB,2558988
Julian Edelman,70,200,5/22/86,Kent State,WR,238498
John Simon,74,260,10/14/90,Ohio State,DE,2539280
Arthur Maulet,70,190,7/13/93,Memphis,CB,2559087
Robert Turbin,70,225,12/2/89,Utah State,RB,2533460
George Odum,73,202,11/3/93,Central Arkansas,FS,2561131
Matthew Adams,72,229,12/12/95,Houston,ILB,2561149
Corey Moore,2-Jun,200,1/28/93,Georgia,SS,2553817
Dean Marlowe,73,208,7/25/92,James Madison,DB,2553562
Stephen Hauschka,76,210,6/29/85,North Carolina State,K,2507374
Reid Ferguson,74,235,3/24/94,Louisiana State,LS,2556526
Harrison Phillips,75,307,1/25/96,Stanford,DT,2560840
Corey Bojorquez,72,208,9/13/96,New Mexico,P,2561574
Curtis Samuel,71,195,8/11/96,Ohio State,WR,2558066
Eric Reid,73,215,12/10/91,Louisiana State,SS,2540152
Garrett Dickerson,75,248,12/30/95,Northwestern,TE,2561624
Damiere Byrd,69,180,1/27/93,South Carolina,WR,2553499
Vontaze Burfict,73,255,9/24/90,Arizona State,OLB,2533058
Nick O'Leary,75,252,8/31/92,Florida State,TE,2552403
Mason Schreck,77,252,11/4/93,Buffalo,TE,2558864
Stephone Anthony,75,245,7/28/92,Clemson,MLB,2552321
Hayden Hurst,76,245,8/24/93,South Carolina,TE,2560747
Jimmy Smith,74,210,7/26/88,Colorado,CB,2508107
Myles Garrett,76,272,12/29/95,Texas A&M,DE,2557965
Robert Tonyan,77,237,4/30/94,Indiana State,TE,2559270
Equanimeous St. Brown,77,214,9/30/96,Notre Dame,WR,2560883
Josh Jones,74,220,9/20/94,North Carolina State,SS,2558119
Cre'von LeBlanc,70,190,7/25/94,Florida Atlantic,CB,2556587
Jordan Lucas,73,190,8/2/93,Penn State,FS,2555542
Quenton Meeks,73,209,6/20/96,Stanford,CB,2560808
Henry Anderson,78,301,8/3/91,Stanford,DE,2552272
Bradley Chubb,76,275,6/24/96,North Carolina State,DE,2561020
Brian Parker,4-Jun,265,5/30/92,"Albany, N.Y.",TE,2553840
Tyler Matakevich,73,235,12/22/92,Temple,ILB,2555171
Bruce Carter,2-Jun,240,2/19/88,North Carolina,ILB,2495136
Jaylen Samuels,72,225,7/20/96,North Carolina State,RB,2560862
Sharrod Neasman,72,198,10/14/91,Florida Atlantic,SS,2556443
Matt Schaub,78,245,6/25/81,Virginia,QB,2505982
Matthew Thomas,3-Jun,244,7/21/95,Florida State,LB,2560897
Daryl Worley,73,215,2/22/95,West Virginia,CB,2555394
Melvin Ingram,74,247,4/26/89,South Carolina,DE,2532870
George Iloka,4-Jun,227,3/31/90,Boise State,FS,2532869
LaRoy Reynolds,73,240,11/3/90,Virginia,MLB,2541741
Victor Bolden,68,178,4/4/95,Oregon State,WR,2558912
Mark Barron,74,230,10/27/89,Alabama,ILB,2532789
Darrell Daniels,75,256,11/22/94,Washington,TE,2558886
Neiko Thorpe,74,210,2/11/90,Auburn,CB,2534846
Brice Butler,3-Jun,211,1/29/90,San Diego State,WR,2541388
Kayvon Webster,71,190,2/1/91,South Florida,CB,2540291
Mark Ingram,69,215,12/21/89,Alabama,RB,2495466
Maurice Harris,75,205,11/11/92,California,WR,2556404
Dan Arnold,78,220,3/15/95,Wisconsin-Platteville,TE,2559385
Michael Floyd,2-Jun,220,11/27/89,Notre Dame,WR,2532841
Kapri Bibbs,10-May,203,1/10/93,Colorado State,RB,2550542
Olivier Vernon,74,262,10/7/90,Miami,DE,2533534
Deiondre' Hall,74,206,5/31/94,Northern Iowa,CB,2555366
Tre Sullivan,Jun-00,200,12/21/93,Shepherd,DB,2559260
Andrew Adams,71,202,10/28/92,Connecticut,FS,2556456
Kemal Ishmael,72,206,5/6/91,Central Florida,FS,2541431
Vincent Rey,Jun-00,240,9/6/87,Duke,OLB,2507843
Brandon Wilson,70,200,7/27/94,Houston,S,2558786
Darius Phillips,70,190,6/26/95,Western Michigan,CB,2560839
Jordan Dangerfield,71,200,12/25/90,Towson,S,2541696
Damion Ratley,74,200,4/16/95,Texas A&M,WR,2561054
Geno Smith,75,221,10/10/90,West Virginia,QB,2539335
Justin Jackson,72,200,4/22/96,Northwestern,RB,2560756
Brandon Facyson,74,197,9/8/94,Virginia Tech,CB,2560719
Cordrea Tankersley,73,200,11/19/93,Clemson,CB,2557931
Anthony Harris,73,202,10/9/91,Virginia,FS,2553655
Mike Mitchell,1-Jun,221,6/10/87,Ohio U.,FS,238227
Terrence Brooks,71,205,3/2/92,Florida State,SS,2543712
Tyrone Swoopes,76,254,11/14/94,Texas,TE,2559263
Shaquem Griffin,72,227,7/20/95,Central Florida,LB,2560999
Thomas Davis,73,235,3/22/83,Georgia,OLB,2506352
Samaje Perine,71,240,9/16/95,Oklahoma,RB,2558138
Josh Hawkins,70,190,1/23/93,East Carolina,CB,2556550
Justin Lawler,76,265,12/23/94,Southern Methodist,DE,2559934
Jamaal Charles,11-May,199,12/27/86,Texas,RB,925
David Grinnage,5-Jun,265,2/4/94,North Carolina State,TE,2556543
Gus Edwards,73,238,4/13/95,Rutgers,RB,2561324
Josh Shaw,1-Jun,197,3/27/92,USC,CB,2552259
Adrian Clayborn,75,280,7/6/88,Iowa,DE,2495140
Trey Flowers,74,265,8/16/93,Arkansas,DE,2552278
Adam Butler,77,300,4/12/94,Vanderbilt,DT,2558924
Frank Zombo,3-Jun,254,3/5/87,Central Michigan,OLB,2507948
David Fluellen,71,224,1/28/92,Toledo,RB,2550289
Cameron Batson,68,175,12/20/95,Texas Tech,WR,2561521
Willie Henry,75,291,3/20/94,Michigan,DT,2555414
Brent Urban,79,300,5/5/91,Virginia,DE,2543765
Michael Pierce,72,345,11/6/92,Samford,DT,2556650
Derek Anderson,6-Jun,235,6/15/83,Oregon State,QB,2506546
Dontrelle Inman,75,205,1/31/89,Virginia,WR,2530700
Dontae Johnson,74,200,12/1/91,North Carolina State,CB,2543739
Cam Phillips,72,201,12/16/95,Virginia Tech,WR,2560838
Blake Bell,78,252,8/7/91,Oklahoma,TE,2552478
Andre Hal,10-May,195,5/30/92,Vanderbilt,FS,2543874
Dave Williams,1-Jun,229,6/17/94,Arkansas,RB,2561152
Cody Kessler,73,215,5/11/93,Southern California,QB,2555387
Rashad Greene,11-May,186,9/23/92,Florida State,WR,2552425
Mike Tyson,1-Jun,210,7/27/93,Cincinnati,CB,2558853
Matt Lengel,79,265,12/27/90,Eastern Kentucky,TE,2553554
KeiVarae Russell,71,196,10/19/93,Notre Dame,CB,2555547
Jeff Driskel,76,235,4/23/93,Louisiana Tech,QB,2555262
Ben Niemann,74,233,7/27/95,Iowa,LB,2561383
Charvarius Ward,73,195,5/16/96,Middle Tennessee,CB,2561417
Kalen Ballage,74,231,12/22/95,Arizona State,RB,2560967
Ameer Abdullah,69,203,6/13/93,Nebraska,RB,2552374
Tarell Basham,76,266,3/18/94,Ohio,LB,2558165
Deontay Burnett,72,186,10/4/97,Southern California,WR,2560985
Marcus Sherels,70,175,9/30/87,Minnesota,CB,2508007
Kentrell Brothers,73,242,2/8/93,Missouri,MLB,2555168
Dexter McDougle,10-May,190,4/8/91,Maryland,CB,2543608
Breshad Perriman,74,215,9/10/93,Central Florida,WR,2552597
Jack Cichy,74,238,5/5/96,Wisconsin,LB,2561022
Devante Bond,73,236,7/3/93,Oklahoma,OLB,2555307
C.J. Goodwin,75,190,2/4/90,"California, Pa.",CB,2550767
Trevon Young,76,258,4/1/95,Louisville,OLB,2560948
Solomon Thomas,75,280,8/26/95,Stanford,DE,2558018
Dominique Hatfield,10-May,178,12/13/94,Utah,CB,2559356
Ross Dwelley,77,240,1/26/95,San Diego,TE,2561060
Bennie Fowler,73,218,6/10/91,Michigan State,WR,2550198
Grant Haley,69,190,1/6/96,Penn State,CB,2561001
Josh Keyes,2-Jun,225,1/23/93,Boston College,OLB,2553719
Christian Covington,74,305,10/16/93,Rice,DT,2552602
D.J. Reader,75,347,7/1/94,Clemson,DT,2555388
Blair Brown,Jun-00,238,5/27/94,Ohio,OLB,2558241
Dee Delaney,11-May,193,2/20/95,Miami,CB,2561041
Taylor Heinicke,1-Jun,210,3/15/93,Old Dominion,QB,2553656
Rashard Robinson,2-Jun,177,7/23/95,Louisiana State,CB,2555546
Isaiah Irving,75,254,6/9/94,San Jose State,LB,2559287
Kylie Fitts,76,260,10/11/94,Utah,LB,2560724
William Gholston,78,281,7/31/91,Michigan State,DE,2540176
Carlos Dunlap,78,285,2/28/89,Florida,DE,496780
De'Vante Harris,11-May,190,6/30/94,Texas A&M,CB,2556833
Jordan Franks,76,240,2/1/96,Central Florida,HB,2561330
K.J. Wright,76,246,7/23/89,Mississippi State,OLB,2495252
Ed Dickson,76,250,7/25/87,Oregon,TE,497224
Brandon Powell,68,189,9/12/95,Florida,WR,2561261
Dymonte Thomas,2-Jun,199,11/30/93,Michigan,DB,2559293
Isaiah McKenzie,68,173,4/9/95,Georgia,WR,2558129
Dontrell Hilliard,71,202,2/26/95,Tulane,RB,2561461
Nick Nelson,71,205,10/16/96,Wisconsin,CB,2560819
Jason Cabinda,73,235,3/17/96,Penn State,LB,2560986
Kyle Wilber,76,240,4/26/89,Wake Forest,OLB,2532974
Chandler Jones,77,265,2/27/90,Syracuse,OLB,2533538
Benson Mayowa,75,265,8/3/91,Idaho,DE,2542009
Rodney Gunter,77,305,1/19/92,Delaware State,DT,2553437
Robert Nkemdiche,4-Jun,314,9/19/94,Mississippi,DT,2555336
Tyvis Powell,74,211,2/16/94,Ohio State,DB,2556655
T.J. Logan,71,195,9/3/94,North Carolina,RB,2558273
Olsen Pierre,76,293,8/27/91,Miami,DT,2553583
Raven Greene,71,197,2/2/95,James Madison,FS,2561207
John Franklin-Myers,76,288,9/26/96,Stephen F. Austin,DE,2560731
Everson Griffen,75,273,12/22/87,Southern California,DE,496790
Linval Joseph,76,329,10/10/88,East Carolina,DT,496802
Tom Johnson,3-Jun,288,8/30/84,Southern Mississippi,DT,2506779
Stephen Weatherly,77,265,3/19/94,Vanderbilt,DE,2555529
Julian Stanford,73,230,9/2/90,Wagner,ILB,2535867
Dekoda Watson,74,245,3/3/88,Florida State,OLB,496961
Nick Mullens,73,210,3/21/95,Southern Mississippi,QB,2558979
AJ McCarron,75,220,9/13/90,Alabama,QB,2543497
DeAndre Washington,68,210,2/22/93,Texas Tech,RB,2555464
Marcell Harris,72,208,6/9/94,Florida,FS,2561006
Joshua Dobbs,75,216,1/26/95,Tennessee,QB,2558167
Taquan Mizzell,70,192,10/21/93,Virginia,WR,2558975
Garrison Sanborn,1-Jun,240,7/31/85,Florida State,LS,2507731
Bryan Anger,75,205,10/6/88,California,P,2533000
Riley Bullough,2-Jun,228,11/23/93,Michigan State,LB,2558923
Ben Jacobs,4-Jun,240,4/17/88,Fresno State,OLB,2531080
Carl Nassib,79,275,4/12/93,Penn State,OLB,2555270
Denzel Rice,Jun-00,185,3/31/93,Coastal Carolina,DB,2553736
Tanner Vallejo,73,228,12/16/94,Boise State,LB,2558289
Tavierre Thomas,70,205,3/11/96,Ferris State,CB,2561278
Elijah McGuire,70,214,6/1/94,Louisiana-Lafayette,RB,2557934
Cornell Armstrong,72,185,9/22/95,Southern Mississippi,CB,2561147
Chad Beebe,70,185,6/1/94,Northern Illinois,WR,2561482
Andy Jones,73,215,6/28/94,Jacksonville,WR,2556569
Matthew Ioannidis,75,310,1/11/94,Temple,DE,2555240
Takkarist McKinley,74,265,11/2/95,UCLA,DE,2557872
Su'a Cravens,1-Jun,224,7/7/95,USC,DB,2555345
Keishawn Bierria,1-Jun,223,7/26/95,Washington,LB,2560976
River Cracraft,72,198,11/1/94,Washington State,WR,2559485
Bashaud Breeland,71,195,1/30/92,Clemson,CB,2543571
Aaron Lynch,77,285,2/8/93,South Florida,OLB,2543650
Zach Zenner,11-May,224,9/13/91,South Dakota,RB,2553631
Keith Kirkwood,75,210,12/26/94,Temple,WR,2561224
Cameron Jordan,76,287,7/10/89,California,DE,2495184
Auden Tate,77,228,2/3/97,Florida State,WR,2560890
Dwayne Washington,73,223,4/24/94,Washington,RB,2556118
Josh Robinson,10-May,200,1/8/91,Central Florida,CB,2533542
Teddy Bridgewater,74,215,11/10/92,Louisville,QB,2543465
Leonte Carroo,1-Jun,215,1/24/94,Rutgers,WR,2555215
Matt Overton,1-Jun,243,7/6/85,Western Washington,LS,2522602
Abry Jones,76,318,9/8/91,Georgia,NT,2539230
Josh Lambo,72,215,11/19/90,Texas A&M,K,2553833
Logan Cooke,77,200,7/28/95,Mississippi State,P,2561161
Trent Sherfield,73,219,2/26/96,Vanderbilt,WR,2561272
Daniel Sorensen,74,208,3/5/90,Brigham Young,SS,2550257
John Phillips,5-Jun,251,6/11/87,Virginia,TE,71435
Levi Wallace,72,179,6/12/95,Alabama,CB,2560914
Josh McCown,76,218,7/4/79,Sam Houston State,QB,2505076
Matt Barkley,74,234,9/8/90,Southern California,QB,2539308
Deon Lacey,75,235,7/18/90,West Alabama,OLB,2541848
Colton Schmidt,11-May,224,10/27/90,California-Davis,P,2542246
Eddie Yarbrough,75,259,4/24/93,Wyoming,DE,2556714
Rontez Miles,72,203,11/25/88,California (PA),FS,2540287
Cassanova McKinzy,3-Jun,252,11/17/92,Auburn,LB,2556614
Brian Hoyer,74,215,10/13/85,Michigan State,QB,81294
Hayes Pullard,Jun-00,235,4/18/92,USC,MLB,2552313
Noah Brown,74,225,1/6/96,Ohio State,WR,2558091
Chandon Sullivan,71,189,8/7/96,Georgia State,CB,2560887
Corey Coleman,71,185,7/6/94,Baylor,WR,2555333
Matt Dayes,9-May,205,9/3/94,North Carolina State,RB,2557987
Malik Turner,74,200,1/30/96,Illinois,WR,2561671
Shalom Luani,72,202,8/5/94,Washington State,FS,2558274
Adam Shaheen,78,257,10/24/94,Ashland,TE,2558144
Mike Ford,72,198,8/4/95,Southeast Missouri,CB,2561527
Ricky Jean Francois,2-Jun,309,11/23/86,LSU,DT,79583
Damon Harrison,75,350,11/29/88,William Penn,DT,2535718
Cameron Artis-Payne,10-May,215,6/23/90,Auburn,RB,2552375
Mario Addison,75,260,9/6/87,Troy,DE,2530474
Kevin Minter,72,246,12/3/90,Louisiana State,MLB,2540159
Trey Quinn,72,200,12/7/95,Southern Methodist,WR,2560847
Byron Marshall,9-May,215,2/13/94,Oregon,RB,2556841
Colt McCoy,73,212,9/5/86,Texas,QB,497123
Marcell Ateman,76,216,9/16/94,Oklahoma State,WR,2560961
Leonard Johnson,10-May,194,3/30/90,Iowa State,CB,2532878
Saeed Blacknall,74,208,3/17/96,Penn State,WR,2561300
Casey Kreiter,73,250,8/13/90,Iowa,LS,2550364
Joe Jones,72,231,2/21/94,Northwestern,LB,2559200
Colby Wadman,1-Jun,213,4/19/95,California-Davis,P,2560944
Nick Dzubnar,73,240,8/15/91,Cal Poly,ILB,2553877
Jeff Richards,2-Jun,210,1/3/91,Emporia State,CB,2558303
Tre'Von Johnson,Jun-00,232,2/10/95,Weber State,LB,2559197
DeVante Bausby,74,190,1/15/93,Pittsburg State,CB,2553790
Ben Koyack,77,258,4/9/93,Notre Dame,TE,2552396
Shaun Dion Hamilton,72,235,9/11/95,Alabama,LB,2561003
Brian Hill,73,219,11/9/95,Wyoming,HB,2558112
Johnny Holton,75,190,8/22/91,Cincinnati,WR,2556805
Keon Hatcher,1-Jun,215,9/11/94,Arkansas,WR,2558950
Brandon Williams,73,336,2/21/89,Missouri Southern,DT,2541302
Jabaal Sheard,75,268,5/10/89,Pittsburgh,DE,2495228
Margus Hunt,80,295,7/14/87,Southern Methodist,DT,2539310
Denico Autry,77,285,7/15/90,Mississippi State,DT,2550646
Tyquan Lewis,75,277,1/30/95,Ohio State,DT,2560791
Obi Melifonwu,4-Jun,224,4/5/94,Connecticut,DB,2558189
Richard Rodgers,76,257,1/22/92,California,TE,2550313
Jeff Wilson,72,194,11/16/95,North Texas,RB,2560938
David Amerson,1-Jun,205,12/8/91,North Carolina State,CB,2540170
Cameron Heyward,77,295,5/6/89,Ohio State,DT,2508109
Chris Boswell,74,185,3/16/91,Rice,K,2550545
Jordan Berry,77,195,3/18/91,Eastern Kentucky,P,2553348
Kameron Canaday,76,245,8/20/92,Portland State,LS,2556421
Sam Koch,73,222,8/13/82,Nebraska,P,2506969
Morgan Cox,76,233,4/26/86,Tennessee,LS,2508008
Robert Griffin III,74,213,2/12/90,Baylor,QB,2533033
Pharoh Cooper,71,207,3/7/95,South Carolina,WR,2555419
Jake Kumerow,76,209,2/17/92,Wisconsin-Whitewater,WR,2553548
Eddie Pleasant,10-May,210,12/17/88,Oregon,SS,2532928
Markus Golden,75,260,3/13/91,Missouri,OLB,2552273
Isaiah Ford,74,195,2/9/96,Virginia Tech,WR,2558071
Ukeme Eligwe,74,239,4/27/94,Georgia Southern,ILB,2558097
Tony Lippett,2-Jun,192,7/2/92,Michigan State,CB,2552427
Ola Adeniyi,73,248,9/12/97,Toledo,OLB,2560950
Marcus Allen,74,215,8/7/96,Penn State,DB,2560956
Bobo Wilson,9-May,186,1/25/95,Florida State,WR,2559013
Gehrig Dieter,75,208,2/24/93,Alabama,WR,2559066
Clinton McDonald,74,297,1/6/87,Memphis,DT,89758
J.D. McKissic,70,195,8/15/93,Arkansas State,RB,2556440
Adonis Alexander,75,205,11/7/96,Virginia Tech,CB,2561644
Mark Sanchez,2-Jun,232,11/11/86,USC,QB,79858
Bennie Logan,2-Jun,315,12/28/89,LSU,NT,2540163
Darius Kilgo,75,320,12/14/91,Maryland,DT,2552326
Austin Johnson,76,314,5/8/94,Penn State,NT,2556368
Nick DeLuca,3-Jun,251,1/27/95,North Dakota State,LB,2561042
Jeremiah Attaochu,75,252,1/17/93,Georgia Tech,OLB,2543717
Daniel Brown,77,247,5/26/92,James Madison,TE,2553900
Akiem Hicks,76,352,11/16/89,"Regina, Can.",DT,2533433
Jonathan Bullard,75,296,10/22/93,Florida,DE,2555335
Bilal Nichols,75,313,9/14/96,Delaware,DT,2560821
Will Redmond,71,186,12/28/93,Mississippi State,S,2555545
Darrel Williams,71,224,4/15/95,Louisiana State,RB,2560935
Brandon Bolden,71,220,1/26/90,Mississippi,RB,2532797
Jalen Davis,70,185,2/2/96,Utah State,CB,2561316
Josh Johnson,3-Jun,219,5/15/86,San Diego,QB,264
Kyle Lauletta,74,219,3/17/95,Richmond,QB,2560786
Malik Jefferson,74,240,11/15/96,Texas,LB,2560762
Pita Taumoepenu,73,245,3/9/94,Utah,LB,2558284
Jalen Tolliver,3-Jun,210,12/30/95,Arkansas-Monticello,WR,2561279
Zeke Turner,74,214,6/9/96,Washington,LB,2561283
Kelvin Sheppard,2-Jun,249,1/2/88,LSU,MLB,2495229
Darren Waller,78,255,9/13/92,Georgia Tech,TE,2552408
Eric Berry,Jun-00,212,12/29/88,Tennessee,SS,496723
Charcandrick West,10-May,205,6/2/91,Abilene Christian,RB,2550268
Mike Pennel,76,332,5/9/91,Colorado State-Pueblo,DT,2550242
Jeff Holland,2-Jun,249,9/27/95,Auburn,LB,2560743
Brandon Williams,72,200,9/9/92,Texas A&M,CB,2556371
Mike Glennon,79,225,12/12/89,North Carolina State,QB,2539275
Jerome Cunningham,75,250,5/25/91,Southern Connecticut State,TE,2551359
Keith Ford,10-May,219,4/18/94,Texas A&M,RB,2559880
Corey Thompson,73,222,12/23/93,Louisiana State,LB,2561107
Trent Murphy,78,259,12/22/90,Stanford,DE,2543503
Danny Vitale,72,239,10/26/93,Northwestern,FB,2555218
Joshua Holsey,11-May,195,6/25/94,Auburn,CB,2558858
Matt Flanagan,78,265,3/26/95,Pittsburgh,TE,2561329
Cody Davis,74,203,6/6/89,Texas Tech,FS,2541135
Robert Quinn,76,257,5/18/90,North Carolina,DE,2495485
Kenny Ladler,Jun-00,200,6/23/92,Vanderbilt,S,2550365
Eli Rogers,10-May,187,12/23/92,Louisville,WR,2553737
Justin Davis,1-Jun,199,11/11/95,USC,RB,2559163
John Kelly,70,205,10/4/96,Tennessee,RB,2560777
D.J. Alexander,74,233,9/30/91,Oregon State,OLB,2553442
B.J. Bello,75,229,10/31/94,Illinois State,MLB,2559141
Julius Peppers,7-Jun,295,1/18/80,North Carolina,DE,2505010
Kawann Short,75,315,2/2/89,Purdue,DT,2539296
Kyle Love,73,310,11/18/86,Mississippi State,NT,2507837
Ahmad Thomas,72,227,12/15/94,Oklahoma,ILB,2559037
Mike Hull,72,232,5/25/91,Penn State,MLB,2552317
Kyle Allen,75,211,3/8/96,Houston,QB,2561177
Jerry Hughes,74,254,8/13/88,Texas Christian,DE,496796
D'Onta Foreman,1-Jun,236,4/24/96,Texas,RB,2557994
Nate Sudfeld,78,227,10/7/93,Indiana,QB,2555427
Temarrick Hemingway,77,245,7/30/93,South Carolina State,TE,2555486
Arden Key,77,240,5/3/96,Louisiana State,DE,2560779
Da'Mari Scott,72,205,8/8/95,Fresno State,WR,2561403
Kyle Williams,1-Jun,303,6/10/83,Louisiana State,DT,2506931
Don Muhlbach,76,258,8/17/81,Texas A&M,LS,2505801
Matt Prater,70,201,8/10/84,Central Florida,K,2506677
Sam Martin,73,211,2/27/90,Appalachian State,P,2541311
Chris Lacy,75,205,1/28/96,Oklahoma State,WR,2560783
Allen Lazard,77,227,12/11/95,Iowa State,WR,2560787
Dallin Leavitt,70,195,8/8/94,Utah State,DB,2561585
Chad Henne,75,222,7/2/85,Michigan,QB,252
Derrick Jones,2-Jun,188,12/4/94,Mississippi,CB,2558819
Clive Walford,76,252,10/1/91,Miami,TE,2552397
De'Angelo Henderson Sr.,7-May,208,11/24/92,Coastal Carolina,RB,2557850
Mose Frazier,11-May,190,8/30/93,Memphis,WR,2556530
Travaris Cadet,1-Jun,210,2/1/89,Appalachian State,RB,2535890
Andre Smith,72,240,4/20/97,North Carolina,LB,2560875
Garrett Gilbert,76,230,7/1/91,Southern Methodist,QB,2549982
Darius Jackson,72,230,12/1/93,Eastern Michigan,RB,2556273
Alonzo Russell,4-Jun,218,9/29/92,Toledo,WR,2556672
Kasim Edebali,2-Jun,253,8/17/89,Boston College,OLB,2550647
Jeremy Langford,Jun-00,211,12/6/91,Michigan State,RB,2552379
Gerald McCoy,76,300,2/25/88,Oklahoma,DT,496816
Jason Pierre-Paul,77,275,1/1/89,South Florida,OLB,496843
Vinny Curry,75,279,6/30/88,Marshall,DE,2532825
Vita Vea,76,347,2/5/95,Washington,DT,2560909
Donnie Ernsberger,2-Jun,237,10/13/96,Western Michigan,TE,2560716
Darvin Kidsy,72,180,3/19/95,Texas Southern,WR,2561359
Jeremy Reaves,71,205,8/29/96,South Alabama,DB,2561394
Tress Way,73,220,4/18/90,Oklahoma,P,2541903
Marcus Smith,3-Jun,258,3/31/92,Louisville,LB,2543725
Andrew East,2-Jun,235,9/17/91,Vanderbilt,LS,2553798
Max McCaffrey,2-Jun,200,5/17/94,Duke,WR,2556814
Sean Mannion,78,231,4/25/92,Oregon State,QB,2552576
Darious Williams,69,187,3/15/93,Alabama-Birmingham,CB,2561469
Malachi Dupre,2-Jun,196,10/12/95,LSU,WR,2558095
